Date,Hour,Period,Temperature_°C,Humidity_%,CO₂_ppm,Soil_Moisture_%,Light_lux,Crop_ID,Timestamp,CO2_scaled
2025-06-01,0,Night,18.5,71.9,985.5,61.3,113.0,2,2025-06-01 00:00:00,9.855
2025-06-01,1,Night,17.4,74.7,806.9,65.0,408.0,2,2025-06-01 01:00:00,8.068999999999999
2025-06-01,2,Night,16.3,69.1,868.2,62.9,19.0,2,2025-06-01 02:00:00,8.682
2025-06-01,3,Night,18.5,73.9,841.7,63.2,193.0,2,2025-06-01 03:00:00,8.417
2025-06-01,4,Night,19.9,70.9,969.7,72.2,402.0,2,2025-06-01 04:00:00,9.697000000000001
2025-06-01,5,Night,17.9,70.9,926.8,75.8,155.0,2,2025-06-01 05:00:00,9.267999999999999
2025-06-01,6,Day,22.0,60.3,1191.1,60.9,13617.0,2,2025-06-01 06:00:00,11.911
2025-06-01,7,Day,22.2,69.9,1123.7,64.8,17326.0,2,2025-06-01 07:00:00,11.237
2025-06-01,8,Day,23.6,69.7,1088.4,73.2,11449.0,2,2025-06-01 08:00:00,10.884
2025-06-01,9,Day,23.1,63.4,1022.6,60.3,14749.0,2,2025-06-01 09:00:00,10.226
2025-06-01,10,Day,22.7,61.0,1135.1,62.2,16863.0,2,2025-06-01 10:00:00,11.350999999999999
2025-06-01,11,Day,25.9,63.1,1130.3,61.8,17830.0,2,2025-06-01 11:00:00,11.302999999999999
2025-06-01,12,Day,22.9,64.1,1098.5,69.5,19796.0,2,2025-06-01 12:00:00,10.985
2025-06-01,13,Day,24.6,69.1,1059.3,77.5,13159.0,2,2025-06-01 13:00:00,10.593
2025-06-01,14,Day,22.4,65.0,1158.1,70.8,14352.0,2,2025-06-01 14:00:00,11.581
2025-06-01,15,Day,25.1,60.8,1184.0,74.6,12452.0,2,2025-06-01 15:00:00,11.84
2025-06-01,16,Day,24.9,67.6,1163.7,61.4,17725.0,2,2025-06-01 16:00:00,11.637
2025-06-01,17,Day,24.6,65.6,1046.8,69.6,18326.0,2,2025-06-01 17:00:00,10.468
2025-06-01,18,Night,17.3,69.0,805.5,77.6,202.0,2,2025-06-01 18:00:00,8.055
2025-06-01,19,Night,18.1,67.6,944.0,66.7,289.0,2,2025-06-01 19:00:00,9.44
2025-06-01,20,Night,19.5,73.6,888.2,78.8,220.0,2,2025-06-01 20:00:00,8.882
2025-06-01,21,Night,16.1,70.8,967.9,60.5,40.0,2,2025-06-01 21:00:00,9.679
2025-06-01,22,Night,16.4,71.3,988.8,66.3,75.0,2,2025-06-01 22:00:00,9.888
2025-06-01,23,Night,18.5,66.6,838.9,65.9,158.0,2,2025-06-01 23:00:00,8.389
2025-06-02,0,Night,19.8,69.3,864.5,63.6,377.0,2,2025-06-02 00:00:00,8.645
2025-06-02,1,Night,19.3,72.3,889.6,61.9,179.0,2,2025-06-02 01:00:00,8.896
2025-06-02,2,Night,19.1,71.6,816.5,72.8,171.0,2,2025-06-02 02:00:00,8.165
2025-06-02,3,Night,19.6,69.1,832.8,68.3,393.0,2,2025-06-02 03:00:00,8.328
2025-06-02,4,Night,19.5,70.9,874.3,69.9,135.0,2,2025-06-02 04:00:00,8.743
2025-06-02,5,Night,17.7,65.9,971.0,71.1,33.0,2,2025-06-02 05:00:00,9.71
2025-06-02,6,Day,24.9,65.6,1165.2,78.4,12520.0,2,2025-06-02 06:00:00,11.652000000000001
2025-06-02,7,Day,22.1,63.3,1088.7,79.4,18925.0,2,2025-06-02 07:00:00,10.887
2025-06-02,8,Day,22.2,69.3,1141.2,60.9,16184.0,2,2025-06-02 08:00:00,11.412
2025-06-02,9,Day,22.6,60.9,1039.5,64.3,18200.0,2,2025-06-02 09:00:00,10.395
2025-06-02,10,Day,22.6,63.6,1059.3,77.4,16786.0,2,2025-06-02 10:00:00,10.593
2025-06-02,11,Day,23.7,66.6,1112.2,62.4,17515.0,2,2025-06-02 11:00:00,11.122
2025-06-02,12,Day,23.4,65.0,1155.3,67.4,18169.0,2,2025-06-02 12:00:00,11.552999999999999
2025-06-02,13,Day,24.6,69.3,1165.0,71.7,13140.0,2,2025-06-02 13:00:00,11.65
2025-06-02,14,Day,24.6,62.5,1044.6,77.7,12030.0,2,2025-06-02 14:00:00,10.446
2025-06-02,15,Day,24.6,66.5,1051.2,62.1,14809.0,2,2025-06-02 15:00:00,10.512
2025-06-02,16,Day,25.1,62.5,1140.4,67.7,16689.0,2,2025-06-02 16:00:00,11.404000000000002
2025-06-02,17,Day,25.8,66.1,1137.0,75.6,13300.0,2,2025-06-02 17:00:00,11.37
2025-06-02,18,Night,19.6,68.2,806.9,60.7,148.0,2,2025-06-02 18:00:00,8.068999999999999
2025-06-02,19,Night,16.7,69.3,815.4,79.5,351.0,2,2025-06-02 19:00:00,8.154
2025-06-02,20,Night,16.1,72.7,869.4,63.8,376.0,2,2025-06-02 20:00:00,8.693999999999999
2025-06-02,21,Night,18.8,71.7,900.2,79.1,495.0,2,2025-06-02 21:00:00,9.002
2025-06-02,22,Night,17.5,69.2,810.8,62.3,255.0,2,2025-06-02 22:00:00,8.107999999999999
2025-06-02,23,Night,19.2,73.6,886.9,66.8,285.0,2,2025-06-02 23:00:00,8.869
2025-06-03,0,Night,19.6,74.0,999.7,62.4,235.0,2,2025-06-03 00:00:00,9.997
2025-06-03,1,Night,19.4,73.1,828.4,69.8,492.0,2,2025-06-03 01:00:00,8.283999999999999
2025-06-03,2,Night,16.3,73.6,847.3,60.9,410.0,2,2025-06-03 02:00:00,8.472999999999999
2025-06-03,3,Night,16.8,68.8,847.8,78.9,266.0,2,2025-06-03 03:00:00,8.478
2025-06-03,4,Night,19.4,68.8,898.8,62.8,357.0,2,2025-06-03 04:00:00,8.988
2025-06-03,5,Night,18.3,68.9,871.3,64.4,213.0,2,2025-06-03 05:00:00,8.713
2025-06-03,6,Day,26.0,60.2,1100.9,68.7,19563.0,2,2025-06-03 06:00:00,11.009
2025-06-03,7,Day,24.0,68.7,1081.9,60.7,16036.0,2,2025-06-03 07:00:00,10.819
2025-06-03,8,Day,25.6,66.5,1181.7,74.8,11314.0,2,2025-06-03 08:00:00,11.817
2025-06-03,9,Day,24.8,66.2,1047.4,78.7,17943.0,2,2025-06-03 09:00:00,10.474
2025-06-03,10,Day,23.2,61.9,1193.1,65.0,12473.0,2,2025-06-03 10:00:00,11.931
2025-06-03,11,Day,24.3,62.4,1087.0,61.8,12861.0,2,2025-06-03 11:00:00,10.87
2025-06-03,12,Day,24.0,69.7,1061.7,67.8,15711.0,2,2025-06-03 12:00:00,10.617
2025-06-03,13,Day,22.3,67.1,1028.8,76.9,18593.0,2,2025-06-03 13:00:00,10.288
2025-06-03,14,Day,23.3,60.4,1095.3,71.8,14313.0,2,2025-06-03 14:00:00,10.953
2025-06-03,15,Day,24.2,69.0,1023.2,77.2,11071.0,2,2025-06-03 15:00:00,10.232000000000001
2025-06-03,16,Day,22.2,68.7,1094.0,62.2,15635.0,2,2025-06-03 16:00:00,10.94
2025-06-03,17,Day,24.8,68.4,1041.6,76.1,14931.0,2,2025-06-03 17:00:00,10.415999999999999
2025-06-03,18,Night,17.2,67.4,914.0,75.8,428.0,2,2025-06-03 18:00:00,9.14
2025-06-03,19,Night,18.9,71.9,968.1,65.0,21.0,2,2025-06-03 19:00:00,9.681000000000001
2025-06-03,20,Night,16.0,66.8,891.6,76.3,233.0,2,2025-06-03 20:00:00,8.916
2025-06-03,21,Night,18.1,68.1,903.3,74.0,14.0,2,2025-06-03 21:00:00,9.033
2025-06-03,22,Night,18.5,66.4,872.0,60.2,414.0,2,2025-06-03 22:00:00,8.72
2025-06-03,23,Night,18.1,70.5,822.6,78.8,247.0,2,2025-06-03 23:00:00,8.226
2025-06-04,0,Night,17.4,67.2,949.7,68.8,388.0,2,2025-06-04 00:00:00,9.497
2025-06-04,1,Night,18.1,65.8,926.3,68.8,348.0,2,2025-06-04 01:00:00,9.263
2025-06-04,2,Night,16.9,68.2,974.8,68.4,22.0,2,2025-06-04 02:00:00,9.748
2025-06-04,3,Night,18.4,65.7,981.3,64.5,299.0,2,2025-06-04 03:00:00,9.812999999999999
2025-06-04,4,Night,19.4,69.9,909.2,72.7,82.0,2,2025-06-04 04:00:00,9.092
2025-06-04,5,Night,18.0,67.7,964.4,79.7,94.0,2,2025-06-04 05:00:00,9.644
2025-06-04,6,Day,22.5,63.0,1017.2,69.2,18547.0,2,2025-06-04 06:00:00,10.172
2025-06-04,7,Day,24.9,61.7,1124.7,75.9,17797.0,2,2025-06-04 07:00:00,11.247
2025-06-04,8,Day,23.7,65.8,1047.8,63.1,12024.0,2,2025-06-04 08:00:00,10.478
2025-06-04,9,Day,25.1,62.1,1186.3,64.6,14486.0,2,2025-06-04 09:00:00,11.863
2025-06-04,10,Day,25.7,66.5,1192.7,74.4,13685.0,2,2025-06-04 10:00:00,11.927
2025-06-04,11,Day,23.4,66.8,1191.3,73.7,11290.0,2,2025-06-04 11:00:00,11.913
2025-06-04,12,Day,23.3,60.9,1186.5,68.8,16831.0,2,2025-06-04 12:00:00,11.865
2025-06-04,13,Day,23.8,60.7,1010.8,62.6,17847.0,2,2025-06-04 13:00:00,10.107999999999999
2025-06-04,14,Day,24.6,64.1,1163.7,77.2,12149.0,2,2025-06-04 14:00:00,11.637
2025-06-04,15,Day,22.5,67.8,1150.4,72.9,12788.0,2,2025-06-04 15:00:00,11.504000000000001
2025-06-04,16,Day,22.2,69.1,1151.0,70.5,12979.0,2,2025-06-04 16:00:00,11.51
2025-06-04,17,Day,25.1,67.5,1199.7,61.5,16190.0,2,2025-06-04 17:00:00,11.997
2025-06-04,18,Night,17.2,65.1,981.6,62.9,239.0,2,2025-06-04 18:00:00,9.816
2025-06-04,19,Night,18.5,71.0,859.4,73.4,18.0,2,2025-06-04 19:00:00,8.594
2025-06-04,20,Night,17.0,72.7,984.3,72.5,272.0,2,2025-06-04 20:00:00,9.843
2025-06-04,21,Night,20.0,74.5,889.8,73.1,295.0,2,2025-06-04 21:00:00,8.898
2025-06-04,22,Night,18.0,66.9,829.3,73.8,27.0,2,2025-06-04 22:00:00,8.293
2025-06-04,23,Night,19.5,66.2,919.6,73.5,474.0,2,2025-06-04 23:00:00,9.196
2025-06-05,0,Night,19.8,67.5,944.1,72.1,71.0,2,2025-06-05 00:00:00,9.441
2025-06-05,1,Night,17.7,72.3,979.3,61.3,483.0,2,2025-06-05 01:00:00,9.793
2025-06-05,2,Night,18.3,70.6,973.1,68.1,198.0,2,2025-06-05 02:00:00,9.731
2025-06-05,3,Night,17.6,75.0,898.9,74.8,105.0,2,2025-06-05 03:00:00,8.988999999999999
2025-06-05,4,Night,18.9,69.1,891.6,79.2,322.0,2,2025-06-05 04:00:00,8.916
2025-06-05,5,Night,18.2,71.2,922.6,63.9,106.0,2,2025-06-05 05:00:00,9.226
2025-06-05,6,Day,22.2,68.9,1127.1,74.8,18306.0,2,2025-06-05 06:00:00,11.270999999999999
2025-06-05,7,Day,23.2,61.6,1086.1,71.0,18801.0,2,2025-06-05 07:00:00,10.860999999999999
2025-06-05,8,Day,23.3,62.2,1068.6,66.4,13324.0,2,2025-06-05 08:00:00,10.686
2025-06-05,9,Day,24.6,63.2,1181.6,66.2,13139.0,2,2025-06-05 09:00:00,11.815999999999999
2025-06-05,10,Day,23.6,62.3,1083.3,62.6,13021.0,2,2025-06-05 10:00:00,10.833
2025-06-05,11,Day,23.6,62.0,1164.5,78.1,19479.0,2,2025-06-05 11:00:00,11.645
2025-06-05,12,Day,25.1,62.7,1054.8,69.1,11899.0,2,2025-06-05 12:00:00,10.548
2025-06-05,13,Day,23.3,64.7,1189.8,62.4,11541.0,2,2025-06-05 13:00:00,11.898
2025-06-05,14,Day,24.9,68.1,1168.2,76.6,11248.0,2,2025-06-05 14:00:00,11.682
2025-06-05,15,Day,25.5,69.7,1156.9,71.4,18839.0,2,2025-06-05 15:00:00,11.569
2025-06-05,16,Day,22.4,66.1,1133.8,61.8,12682.0,2,2025-06-05 16:00:00,11.338
2025-06-05,17,Day,23.4,68.3,1162.7,73.6,11716.0,2,2025-06-05 17:00:00,11.627
2025-06-05,18,Night,19.7,66.8,843.6,77.9,382.0,2,2025-06-05 18:00:00,8.436
2025-06-05,19,Night,18.3,67.8,917.2,60.9,341.0,2,2025-06-05 19:00:00,9.172
2025-06-05,20,Night,19.8,70.1,894.9,65.2,189.0,2,2025-06-05 20:00:00,8.949
2025-06-05,21,Night,19.7,65.2,829.3,63.0,143.0,2,2025-06-05 21:00:00,8.293
2025-06-05,22,Night,17.2,70.1,994.7,72.4,71.0,2,2025-06-05 22:00:00,9.947000000000001
2025-06-05,23,Night,17.2,67.3,885.4,66.4,498.0,2,2025-06-05 23:00:00,8.854
2025-06-06,0,Night,18.5,65.4,919.7,64.4,192.0,2,2025-06-06 00:00:00,9.197000000000001
2025-06-06,1,Night,16.5,74.6,852.2,66.8,280.0,2,2025-06-06 01:00:00,8.522
2025-06-06,2,Night,17.3,67.3,938.9,62.4,339.0,2,2025-06-06 02:00:00,9.389
2025-06-06,3,Night,17.6,71.0,916.9,77.8,369.0,2,2025-06-06 03:00:00,9.169
2025-06-06,4,Night,16.9,67.6,944.4,76.2,368.0,2,2025-06-06 04:00:00,9.443999999999999
2025-06-06,5,Night,16.0,67.2,835.8,62.1,314.0,2,2025-06-06 05:00:00,8.357999999999999
2025-06-06,6,Day,22.2,67.1,1157.7,64.1,18499.0,2,2025-06-06 06:00:00,11.577
2025-06-06,7,Day,22.5,65.0,1096.8,78.5,18854.0,2,2025-06-06 07:00:00,10.968
2025-06-06,8,Day,23.6,69.0,1110.4,77.2,13118.0,2,2025-06-06 08:00:00,11.104000000000001
2025-06-06,9,Day,22.7,61.8,1198.8,76.2,12443.0,2,2025-06-06 09:00:00,11.988
2025-06-06,10,Day,25.0,68.3,1160.4,77.4,18888.0,2,2025-06-06 10:00:00,11.604000000000001
2025-06-06,11,Day,24.2,65.5,1031.3,70.9,12692.0,2,2025-06-06 11:00:00,10.312999999999999
2025-06-06,12,Day,25.9,66.2,1194.9,73.1,13059.0,2,2025-06-06 12:00:00,11.949000000000002
2025-06-06,13,Day,22.6,61.6,1051.3,62.8,18254.0,2,2025-06-06 13:00:00,10.513
2025-06-06,14,Day,23.3,64.5,1102.8,64.7,15960.0,2,2025-06-06 14:00:00,11.027999999999999
2025-06-06,15,Day,22.0,68.2,1063.3,77.8,18014.0,2,2025-06-06 15:00:00,10.633
2025-06-06,16,Day,24.9,62.6,1089.8,61.8,18179.0,2,2025-06-06 16:00:00,10.898
2025-06-06,17,Day,24.8,67.5,1038.1,60.3,12127.0,2,2025-06-06 17:00:00,10.380999999999998
2025-06-06,18,Night,19.4,65.8,938.1,63.1,275.0,2,2025-06-06 18:00:00,9.381
2025-06-06,19,Night,18.4,74.1,973.2,63.2,20.0,2,2025-06-06 19:00:00,9.732000000000001
2025-06-06,20,Night,18.7,68.3,839.8,67.3,376.0,2,2025-06-06 20:00:00,8.398
2025-06-06,21,Night,19.7,67.0,910.4,71.6,306.0,2,2025-06-06 21:00:00,9.104
2025-06-06,22,Night,17.6,73.6,993.8,74.0,384.0,2,2025-06-06 22:00:00,9.937999999999999
2025-06-06,23,Night,16.5,72.6,803.8,73.3,241.0,2,2025-06-06 23:00:00,8.038
2025-06-07,0,Night,16.7,74.5,976.1,67.7,79.0,2,2025-06-07 00:00:00,9.761000000000001
2025-06-07,1,Night,18.7,70.4,805.3,79.8,8.0,2,2025-06-07 01:00:00,8.052999999999999
2025-06-07,2,Night,18.5,66.5,884.5,69.1,228.0,2,2025-06-07 02:00:00,8.845
2025-06-07,3,Night,16.2,67.2,885.5,78.5,266.0,2,2025-06-07 03:00:00,8.855
2025-06-07,4,Night,17.9,74.1,804.3,69.6,187.0,2,2025-06-07 04:00:00,8.043
2025-06-07,5,Night,18.3,65.4,944.6,60.5,395.0,2,2025-06-07 05:00:00,9.446
2025-06-07,6,Day,25.7,68.4,1015.4,66.9,18860.0,2,2025-06-07 06:00:00,10.154
2025-06-07,7,Day,24.1,60.9,1190.1,62.0,10110.0,2,2025-06-07 07:00:00,11.901
2025-06-07,8,Day,26.0,63.2,1111.7,76.6,18531.0,2,2025-06-07 08:00:00,11.117
2025-06-07,9,Day,22.8,61.9,1034.3,60.3,11052.0,2,2025-06-07 09:00:00,10.343
2025-06-07,10,Day,23.1,62.2,1000.0,76.6,12893.0,2,2025-06-07 10:00:00,10.0
2025-06-07,11,Day,23.7,63.8,1122.1,61.8,17322.0,2,2025-06-07 11:00:00,11.220999999999998
2025-06-07,12,Day,22.3,61.1,1166.3,70.1,10571.0,2,2025-06-07 12:00:00,11.663
2025-06-07,13,Day,23.8,64.7,1030.1,70.0,13704.0,2,2025-06-07 13:00:00,10.300999999999998
2025-06-07,14,Day,24.1,63.3,1022.2,70.2,12363.0,2,2025-06-07 14:00:00,10.222000000000001
2025-06-07,15,Day,25.1,63.2,1017.7,72.7,17929.0,2,2025-06-07 15:00:00,10.177
2025-06-07,16,Day,22.2,66.5,1180.0,69.7,17152.0,2,2025-06-07 16:00:00,11.8
2025-06-07,17,Day,25.8,68.9,1171.9,77.3,14358.0,2,2025-06-07 17:00:00,11.719000000000001
2025-06-07,18,Night,19.1,66.4,978.6,72.7,147.0,2,2025-06-07 18:00:00,9.786
2025-06-07,19,Night,19.6,72.7,908.4,77.6,352.0,2,2025-06-07 19:00:00,9.084
2025-06-07,20,Night,17.0,68.3,886.7,72.0,142.0,2,2025-06-07 20:00:00,8.867
2025-06-07,21,Night,18.9,68.2,824.0,78.9,419.0,2,2025-06-07 21:00:00,8.24
2025-06-07,22,Night,16.5,67.9,914.3,72.0,428.0,2,2025-06-07 22:00:00,9.142999999999999
2025-06-07,23,Night,17.7,71.4,948.0,71.2,93.0,2,2025-06-07 23:00:00,9.48
2025-06-08,0,Night,19.3,74.4,834.5,70.2,412.0,2,2025-06-08 00:00:00,8.345
2025-06-08,1,Night,17.7,70.4,865.6,61.4,451.0,2,2025-06-08 01:00:00,8.656
2025-06-08,2,Night,18.9,67.0,903.3,77.2,207.0,2,2025-06-08 02:00:00,9.033
2025-06-08,3,Night,19.0,65.6,843.9,76.3,482.0,2,2025-06-08 03:00:00,8.439
2025-06-08,4,Night,19.3,65.3,916.6,65.9,309.0,2,2025-06-08 04:00:00,9.166
2025-06-08,5,Night,17.5,70.1,849.6,70.6,6.0,2,2025-06-08 05:00:00,8.496
2025-06-08,6,Day,24.2,66.9,1016.6,64.1,16441.0,2,2025-06-08 06:00:00,10.166
2025-06-08,7,Day,22.4,60.8,1053.8,70.9,10854.0,2,2025-06-08 07:00:00,10.538
2025-06-08,8,Day,24.5,64.3,1102.3,72.0,16881.0,2,2025-06-08 08:00:00,11.023
2025-06-08,9,Day,24.9,70.0,1195.0,71.4,11554.0,2,2025-06-08 09:00:00,11.95
2025-06-08,10,Day,23.5,63.8,1134.5,71.4,10545.0,2,2025-06-08 10:00:00,11.345
2025-06-08,11,Day,25.8,65.6,1078.3,62.0,14418.0,2,2025-06-08 11:00:00,10.783
2025-06-08,12,Day,25.9,63.2,1060.6,72.3,16870.0,2,2025-06-08 12:00:00,10.606
2025-06-08,13,Day,22.0,63.9,1106.7,71.7,18654.0,2,2025-06-08 13:00:00,11.067
2025-06-08,14,Day,25.6,62.1,1110.4,74.0,10883.0,2,2025-06-08 14:00:00,11.104000000000001
2025-06-08,15,Day,23.5,68.2,1124.9,77.7,17436.0,2,2025-06-08 15:00:00,11.249
2025-06-08,16,Day,24.6,65.5,1119.7,62.9,16422.0,2,2025-06-08 16:00:00,11.197000000000001
2025-06-08,17,Day,23.8,65.2,1080.3,70.8,15155.0,2,2025-06-08 17:00:00,10.802999999999999
2025-06-08,18,Night,16.7,71.5,949.6,71.6,227.0,2,2025-06-08 18:00:00,9.496
2025-06-08,19,Night,16.8,73.4,871.2,76.7,253.0,2,2025-06-08 19:00:00,8.712
2025-06-08,20,Night,19.1,75.0,970.1,64.5,125.0,2,2025-06-08 20:00:00,9.701
2025-06-08,21,Night,18.6,67.9,960.9,75.3,42.0,2,2025-06-08 21:00:00,9.609
2025-06-08,22,Night,18.5,67.3,922.4,78.2,215.0,2,2025-06-08 22:00:00,9.224
2025-06-08,23,Night,17.2,65.2,882.0,67.6,21.0,2,2025-06-08 23:00:00,8.82
2025-06-09,0,Night,16.0,68.5,880.1,69.4,261.0,2,2025-06-09 00:00:00,8.801
2025-06-09,1,Night,18.5,74.8,924.3,78.2,176.0,2,2025-06-09 01:00:00,9.243
2025-06-09,2,Night,16.1,67.2,977.9,79.8,205.0,2,2025-06-09 02:00:00,9.779
2025-06-09,3,Night,19.4,66.8,870.4,64.9,356.0,2,2025-06-09 03:00:00,8.704
2025-06-09,4,Night,19.3,68.6,842.4,66.5,432.0,2,2025-06-09 04:00:00,8.424
2025-06-09,5,Night,18.8,74.5,831.0,65.3,324.0,2,2025-06-09 05:00:00,8.31
2025-06-09,6,Day,23.3,61.5,1130.5,79.7,18351.0,2,2025-06-09 06:00:00,11.305
2025-06-09,7,Day,22.2,67.6,1109.4,72.0,12526.0,2,2025-06-09 07:00:00,11.094000000000001
2025-06-09,8,Day,26.0,63.6,1086.3,73.3,19705.0,2,2025-06-09 08:00:00,10.863
2025-06-09,9,Day,25.4,67.7,1160.5,64.7,18723.0,2,2025-06-09 09:00:00,11.605
2025-06-09,10,Day,24.3,61.7,1144.0,76.0,16646.0,2,2025-06-09 10:00:00,11.44
2025-06-09,11,Day,22.2,66.7,1110.8,70.8,13728.0,2,2025-06-09 11:00:00,11.107999999999999
2025-06-09,12,Day,25.5,66.0,1101.3,72.1,13213.0,2,2025-06-09 12:00:00,11.013
2025-06-09,13,Day,24.8,65.4,1160.0,65.8,18250.0,2,2025-06-09 13:00:00,11.6
2025-06-09,14,Day,26.0,65.1,1080.7,60.6,15134.0,2,2025-06-09 14:00:00,10.807
2025-06-09,15,Day,24.7,66.8,1032.9,70.5,18141.0,2,2025-06-09 15:00:00,10.329
2025-06-09,16,Day,22.1,61.6,1072.8,75.2,15762.0,2,2025-06-09 16:00:00,10.728
2025-06-09,17,Day,24.2,65.0,1081.1,67.7,10813.0,2,2025-06-09 17:00:00,10.811
2025-06-09,18,Night,16.6,71.6,945.3,65.2,347.0,2,2025-06-09 18:00:00,9.453
2025-06-09,19,Night,18.9,73.1,805.6,68.2,346.0,2,2025-06-09 19:00:00,8.056000000000001
2025-06-09,20,Night,19.1,71.7,815.4,76.0,73.0,2,2025-06-09 20:00:00,8.154
2025-06-09,21,Night,16.2,72.4,926.9,70.7,120.0,2,2025-06-09 21:00:00,9.269
2025-06-09,22,Night,19.9,68.2,990.1,62.5,233.0,2,2025-06-09 22:00:00,9.901
2025-06-09,23,Night,19.5,67.6,985.7,75.3,64.0,2,2025-06-09 23:00:00,9.857000000000001
2025-06-10,0,Night,18.9,73.4,930.3,72.1,19.0,2,2025-06-10 00:00:00,9.302999999999999
2025-06-10,1,Night,16.9,67.7,981.6,66.8,478.0,2,2025-06-10 01:00:00,9.816
2025-06-10,2,Night,17.7,71.3,856.8,77.0,491.0,2,2025-06-10 02:00:00,8.568
2025-06-10,3,Night,16.0,72.9,893.2,60.2,17.0,2,2025-06-10 03:00:00,8.932
2025-06-10,4,Night,19.3,72.3,923.9,73.5,392.0,2,2025-06-10 04:00:00,9.238999999999999
2025-06-10,5,Night,18.6,73.7,987.9,67.5,435.0,2,2025-06-10 05:00:00,9.879
2025-06-10,6,Day,23.8,69.4,1057.6,65.0,19220.0,2,2025-06-10 06:00:00,10.575999999999999
2025-06-10,7,Day,22.6,64.1,1058.4,61.8,10917.0,2,2025-06-10 07:00:00,10.584000000000001
2025-06-10,8,Day,25.7,63.0,1013.6,73.2,15370.0,2,2025-06-10 08:00:00,10.136000000000001
2025-06-10,9,Day,24.3,60.9,1159.4,72.8,19261.0,2,2025-06-10 09:00:00,11.594000000000001
2025-06-10,10,Day,24.5,61.0,1139.8,70.1,15206.0,2,2025-06-10 10:00:00,11.398
2025-06-10,11,Day,22.6,68.9,1055.8,68.0,11688.0,2,2025-06-10 11:00:00,10.558
2025-06-10,12,Day,23.2,67.7,1153.3,60.3,11037.0,2,2025-06-10 12:00:00,11.533
2025-06-10,13,Day,22.8,62.8,1049.1,75.7,14587.0,2,2025-06-10 13:00:00,10.491
2025-06-10,14,Day,22.9,64.8,1170.5,61.0,19456.0,2,2025-06-10 14:00:00,11.705
2025-06-10,15,Day,23.9,62.1,1058.3,63.1,10094.0,2,2025-06-10 15:00:00,10.583
2025-06-10,16,Day,23.7,60.6,1070.5,70.5,10408.0,2,2025-06-10 16:00:00,10.705
2025-06-10,17,Day,24.6,68.9,1137.3,74.1,14000.0,2,2025-06-10 17:00:00,11.373
2025-06-10,18,Night,17.7,70.5,884.2,78.9,146.0,2,2025-06-10 18:00:00,8.842
2025-06-10,19,Night,17.2,69.3,842.8,78.1,499.0,2,2025-06-10 19:00:00,8.427999999999999
2025-06-10,20,Night,16.3,66.0,894.5,66.5,273.0,2,2025-06-10 20:00:00,8.945
2025-06-10,21,Night,19.7,66.9,816.5,78.6,328.0,2,2025-06-10 21:00:00,8.165
2025-06-10,22,Night,18.8,72.8,913.1,60.1,312.0,2,2025-06-10 22:00:00,9.131
2025-06-10,23,Night,16.7,71.2,806.8,71.5,173.0,2,2025-06-10 23:00:00,8.068
2025-06-11,0,Night,17.3,73.5,887.6,77.6,185.0,2,2025-06-11 00:00:00,8.876
2025-06-11,1,Night,18.7,69.8,817.8,66.8,15.0,2,2025-06-11 01:00:00,8.177999999999999
2025-06-11,2,Night,17.8,74.1,919.3,76.2,36.0,2,2025-06-11 02:00:00,9.193
2025-06-11,3,Night,17.6,70.2,962.6,63.2,48.0,2,2025-06-11 03:00:00,9.626
2025-06-11,4,Night,16.6,66.2,930.8,78.8,118.0,2,2025-06-11 04:00:00,9.308
2025-06-11,5,Night,19.7,69.9,924.3,66.3,176.0,2,2025-06-11 05:00:00,9.243
2025-06-11,6,Day,24.1,66.8,1135.8,79.4,13555.0,2,2025-06-11 06:00:00,11.357999999999999
2025-06-11,7,Day,23.5,65.4,1008.2,68.2,17547.0,2,2025-06-11 07:00:00,10.082
2025-06-11,8,Day,24.5,61.2,1052.1,66.1,16032.0,2,2025-06-11 08:00:00,10.520999999999999
2025-06-11,9,Day,25.8,64.8,1146.9,61.6,19047.0,2,2025-06-11 09:00:00,11.469000000000001
2025-06-11,10,Day,22.6,65.0,1115.7,73.5,13697.0,2,2025-06-11 10:00:00,11.157
2025-06-11,11,Day,24.6,63.4,1190.4,65.2,16871.0,2,2025-06-11 11:00:00,11.904000000000002
2025-06-11,12,Day,24.0,67.4,1085.4,65.9,12669.0,2,2025-06-11 12:00:00,10.854000000000001
2025-06-11,13,Day,25.4,62.9,1157.8,73.7,11335.0,2,2025-06-11 13:00:00,11.578
2025-06-11,14,Day,22.3,67.3,1119.4,77.7,19238.0,2,2025-06-11 14:00:00,11.194
2025-06-11,15,Day,23.4,63.7,1163.4,70.6,15024.0,2,2025-06-11 15:00:00,11.634
2025-06-11,16,Day,22.4,63.5,1034.5,66.8,15141.0,2,2025-06-11 16:00:00,10.345
2025-06-11,17,Day,25.1,66.8,1050.9,72.5,15187.0,2,2025-06-11 17:00:00,10.509
2025-06-11,18,Night,17.5,67.4,998.2,60.3,129.0,2,2025-06-11 18:00:00,9.982000000000001
2025-06-11,19,Night,17.1,69.7,872.9,64.2,56.0,2,2025-06-11 19:00:00,8.729
2025-06-11,20,Night,17.6,69.1,914.0,75.9,301.0,2,2025-06-11 20:00:00,9.14
2025-06-11,21,Night,17.1,70.3,946.6,75.6,121.0,2,2025-06-11 21:00:00,9.466000000000001
2025-06-11,22,Night,16.8,69.7,895.2,77.4,102.0,2,2025-06-11 22:00:00,8.952
2025-06-11,23,Night,18.6,73.9,889.1,75.5,407.0,2,2025-06-11 23:00:00,8.891
2025-06-12,0,Night,19.6,69.7,895.6,62.1,328.0,2,2025-06-12 00:00:00,8.956
2025-06-12,1,Night,19.9,70.6,821.7,69.5,244.0,2,2025-06-12 01:00:00,8.217
2025-06-12,2,Night,19.5,67.1,848.7,63.6,231.0,2,2025-06-12 02:00:00,8.487
2025-06-12,3,Night,19.4,73.5,865.6,64.8,370.0,2,2025-06-12 03:00:00,8.656
2025-06-12,4,Night,17.2,71.2,916.6,65.3,28.0,2,2025-06-12 04:00:00,9.166
2025-06-12,5,Night,16.9,70.3,811.6,73.7,370.0,2,2025-06-12 05:00:00,8.116
2025-06-12,6,Day,23.1,62.8,1035.7,77.4,14251.0,2,2025-06-12 06:00:00,10.357000000000001
2025-06-12,7,Day,25.2,68.4,1100.6,61.9,18374.0,2,2025-06-12 07:00:00,11.005999999999998
2025-06-12,8,Day,23.9,66.3,1132.1,74.5,16710.0,2,2025-06-12 08:00:00,11.321
2025-06-12,9,Day,25.9,67.8,1089.0,77.1,14545.0,2,2025-06-12 09:00:00,10.89
2025-06-12,10,Day,23.2,65.9,1098.8,73.5,11732.0,2,2025-06-12 10:00:00,10.988
2025-06-12,11,Day,25.5,61.2,1084.0,78.7,17372.0,2,2025-06-12 11:00:00,10.84
2025-06-12,12,Day,22.5,64.5,1178.3,76.7,18907.0,2,2025-06-12 12:00:00,11.783
2025-06-12,13,Day,25.5,62.8,1176.1,75.4,15973.0,2,2025-06-12 13:00:00,11.761
2025-06-12,14,Day,25.0,63.3,1158.3,68.9,15618.0,2,2025-06-12 14:00:00,11.583
2025-06-12,15,Day,24.1,62.6,1066.6,78.6,15678.0,2,2025-06-12 15:00:00,10.665999999999999
2025-06-12,16,Day,22.7,65.2,1085.9,76.0,14506.0,2,2025-06-12 16:00:00,10.859000000000002
2025-06-12,17,Day,22.9,67.5,1142.3,72.2,10363.0,2,2025-06-12 17:00:00,11.423
2025-06-12,18,Night,16.2,67.1,802.2,71.2,152.0,2,2025-06-12 18:00:00,8.022
2025-06-12,19,Night,16.8,66.4,878.4,74.7,446.0,2,2025-06-12 19:00:00,8.783999999999999
2025-06-12,20,Night,19.9,74.8,968.9,62.8,459.0,2,2025-06-12 20:00:00,9.689
2025-06-12,21,Night,17.3,69.0,967.3,68.6,500.0,2,2025-06-12 21:00:00,9.673
2025-06-12,22,Night,18.4,70.0,863.2,66.3,229.0,2,2025-06-12 22:00:00,8.632
2025-06-12,23,Night,18.6,67.6,954.9,71.7,95.0,2,2025-06-12 23:00:00,9.549
2025-06-13,0,Night,19.8,73.2,817.9,72.4,19.0,2,2025-06-13 00:00:00,8.179
2025-06-13,1,Night,17.0,71.0,972.4,75.9,89.0,2,2025-06-13 01:00:00,9.724
2025-06-13,2,Night,18.8,69.9,928.0,60.5,174.0,2,2025-06-13 02:00:00,9.28
2025-06-13,3,Night,17.8,66.2,987.0,61.1,379.0,2,2025-06-13 03:00:00,9.87
2025-06-13,4,Night,16.8,71.7,874.4,72.9,210.0,2,2025-06-13 04:00:00,8.744
2025-06-13,5,Night,16.1,67.9,803.1,76.2,243.0,2,2025-06-13 05:00:00,8.031
2025-06-13,6,Day,23.5,62.1,1002.1,76.7,11114.0,2,2025-06-13 06:00:00,10.021
2025-06-13,7,Day,25.0,60.7,1081.8,78.9,12322.0,2,2025-06-13 07:00:00,10.818
2025-06-13,8,Day,22.8,69.2,1028.7,60.9,10411.0,2,2025-06-13 08:00:00,10.287
2025-06-13,9,Day,25.2,63.4,1087.8,60.7,19224.0,2,2025-06-13 09:00:00,10.878
2025-06-13,10,Day,25.8,61.2,1000.6,64.4,11676.0,2,2025-06-13 10:00:00,10.006
2025-06-13,11,Day,23.9,66.7,1180.0,76.4,18979.0,2,2025-06-13 11:00:00,11.8
2025-06-13,12,Day,24.4,60.6,1145.5,78.6,11793.0,2,2025-06-13 12:00:00,11.455
2025-06-13,13,Day,23.0,63.8,1160.5,65.1,15693.0,2,2025-06-13 13:00:00,11.605
2025-06-13,14,Day,24.1,61.9,1190.2,73.7,13578.0,2,2025-06-13 14:00:00,11.902000000000001
2025-06-13,15,Day,25.8,68.7,1068.5,65.9,12490.0,2,2025-06-13 15:00:00,10.685
2025-06-13,16,Day,23.2,65.5,1170.6,64.7,16744.0,2,2025-06-13 16:00:00,11.706
2025-06-13,17,Day,24.7,64.1,1040.4,70.6,12669.0,2,2025-06-13 17:00:00,10.404000000000002
2025-06-13,18,Night,18.1,65.1,966.6,79.2,126.0,2,2025-06-13 18:00:00,9.666
2025-06-13,19,Night,18.6,67.2,882.7,72.5,477.0,2,2025-06-13 19:00:00,8.827
2025-06-13,20,Night,16.1,65.2,803.5,72.7,450.0,2,2025-06-13 20:00:00,8.035
2025-06-13,21,Night,16.7,74.6,931.2,78.5,498.0,2,2025-06-13 21:00:00,9.312000000000001
2025-06-13,22,Night,18.8,72.0,904.4,76.3,97.0,2,2025-06-13 22:00:00,9.044
2025-06-13,23,Night,19.9,65.8,974.3,76.8,442.0,2,2025-06-13 23:00:00,9.743
2025-06-14,0,Night,17.1,68.8,967.7,68.3,496.0,2,2025-06-14 00:00:00,9.677
2025-06-14,1,Night,19.3,69.3,898.0,78.8,289.0,2,2025-06-14 01:00:00,8.98
2025-06-14,2,Night,16.1,68.0,853.0,65.8,367.0,2,2025-06-14 02:00:00,8.53
2025-06-14,3,Night,17.5,68.5,985.5,71.6,220.0,2,2025-06-14 03:00:00,9.855
2025-06-14,4,Night,19.2,73.1,977.8,64.0,482.0,2,2025-06-14 04:00:00,9.777999999999999
2025-06-14,5,Night,16.0,66.0,896.6,74.6,461.0,2,2025-06-14 05:00:00,8.966000000000001
2025-06-14,6,Day,24.6,68.0,1182.1,79.9,10470.0,2,2025-06-14 06:00:00,11.821
2025-06-14,7,Day,23.7,66.1,1157.8,65.3,15887.0,2,2025-06-14 07:00:00,11.578
2025-06-14,8,Day,24.8,62.4,1036.6,70.8,14644.0,2,2025-06-14 08:00:00,10.366
2025-06-14,9,Day,25.9,62.6,1168.6,77.0,11474.0,2,2025-06-14 09:00:00,11.686
2025-06-14,10,Day,24.8,67.7,1094.9,73.3,12613.0,2,2025-06-14 10:00:00,10.949000000000002
2025-06-14,11,Day,25.3,61.6,1140.0,74.0,13197.0,2,2025-06-14 11:00:00,11.4
2025-06-14,12,Day,25.8,65.2,1042.6,66.2,12808.0,2,2025-06-14 12:00:00,10.425999999999998
2025-06-14,13,Day,22.3,67.4,1104.6,65.6,15596.0,2,2025-06-14 13:00:00,11.046
2025-06-14,14,Day,22.7,63.6,1091.8,65.8,13967.0,2,2025-06-14 14:00:00,10.918
2025-06-14,15,Day,22.4,63.8,1016.3,61.0,19630.0,2,2025-06-14 15:00:00,10.163
2025-06-14,16,Day,22.6,62.4,1108.1,63.2,10513.0,2,2025-06-14 16:00:00,11.081
2025-06-14,17,Day,23.4,64.7,1098.8,78.5,12233.0,2,2025-06-14 17:00:00,10.988
2025-06-14,18,Night,16.2,71.3,866.9,78.2,405.0,2,2025-06-14 18:00:00,8.669
2025-06-14,19,Night,19.7,74.9,910.2,76.9,89.0,2,2025-06-14 19:00:00,9.102
2025-06-14,20,Night,17.7,68.3,828.4,60.8,37.0,2,2025-06-14 20:00:00,8.283999999999999
2025-06-14,21,Night,17.3,71.7,843.8,60.4,269.0,2,2025-06-14 21:00:00,8.437999999999999
2025-06-14,22,Night,16.6,70.6,871.4,67.3,316.0,2,2025-06-14 22:00:00,8.714
2025-06-14,23,Night,17.8,67.8,890.6,71.5,249.0,2,2025-06-14 23:00:00,8.906
2025-06-15,0,Night,19.8,66.4,883.2,72.1,80.0,2,2025-06-15 00:00:00,8.832
2025-06-15,1,Night,19.2,71.3,906.0,61.2,216.0,2,2025-06-15 01:00:00,9.06
2025-06-15,2,Night,17.7,66.8,911.0,71.5,154.0,2,2025-06-15 02:00:00,9.11
2025-06-15,3,Night,18.0,67.8,913.9,66.9,290.0,2,2025-06-15 03:00:00,9.139
2025-06-15,4,Night,18.4,69.8,908.8,60.3,292.0,2,2025-06-15 04:00:00,9.088
2025-06-15,5,Night,18.1,67.7,936.6,78.8,6.0,2,2025-06-15 05:00:00,9.366
2025-06-15,6,Day,24.2,60.9,1123.3,75.8,16280.0,2,2025-06-15 06:00:00,11.232999999999999
2025-06-15,7,Day,25.8,62.7,1068.3,71.5,16660.0,2,2025-06-15 07:00:00,10.683
2025-06-15,8,Day,24.0,66.0,1161.4,69.4,19592.0,2,2025-06-15 08:00:00,11.614
2025-06-15,9,Day,22.5,62.3,1141.2,62.5,18066.0,2,2025-06-15 09:00:00,11.412
2025-06-15,10,Day,25.2,61.9,1003.2,79.0,12792.0,2,2025-06-15 10:00:00,10.032
2025-06-15,11,Day,25.6,63.6,1096.7,71.7,19622.0,2,2025-06-15 11:00:00,10.967
2025-06-15,12,Day,25.6,68.4,1094.4,71.8,14223.0,2,2025-06-15 12:00:00,10.944
2025-06-15,13,Day,23.8,66.4,1199.7,79.7,14031.0,2,2025-06-15 13:00:00,11.997
2025-06-15,14,Day,22.2,61.7,1092.2,72.8,14356.0,2,2025-06-15 14:00:00,10.922
2025-06-15,15,Day,25.6,62.4,1025.5,73.4,17112.0,2,2025-06-15 15:00:00,10.255
2025-06-15,16,Day,23.7,60.8,1168.0,63.0,18891.0,2,2025-06-15 16:00:00,11.68
2025-06-15,17,Day,25.5,68.6,1067.4,64.1,14578.0,2,2025-06-15 17:00:00,10.674000000000001
2025-06-15,18,Night,18.6,67.4,826.2,77.8,10.0,2,2025-06-15 18:00:00,8.262
2025-06-15,19,Night,16.8,70.2,946.3,67.8,108.0,2,2025-06-15 19:00:00,9.463
2025-06-15,20,Night,19.5,73.9,826.4,60.4,387.0,2,2025-06-15 20:00:00,8.264
2025-06-15,21,Night,18.6,67.6,814.3,63.5,442.0,2,2025-06-15 21:00:00,8.142999999999999
2025-06-15,22,Night,16.9,73.9,958.3,70.4,13.0,2,2025-06-15 22:00:00,9.583
2025-06-15,23,Night,16.1,67.2,881.3,66.4,4.0,2,2025-06-15 23:00:00,8.812999999999999
2025-06-16,0,Night,19.7,72.6,905.1,75.6,443.0,2,2025-06-16 00:00:00,9.051
2025-06-16,1,Night,17.1,71.9,828.1,70.2,459.0,2,2025-06-16 01:00:00,8.281
2025-06-16,2,Night,16.1,69.3,847.8,61.8,383.0,2,2025-06-16 02:00:00,8.478
2025-06-16,3,Night,19.8,71.4,915.3,68.0,94.0,2,2025-06-16 03:00:00,9.152999999999999
2025-06-16,4,Night,19.6,67.8,843.5,73.6,403.0,2,2025-06-16 04:00:00,8.435
2025-06-16,5,Night,19.0,70.8,956.6,71.6,225.0,2,2025-06-16 05:00:00,9.566
2025-06-16,6,Day,25.9,69.0,1135.5,76.4,10357.0,2,2025-06-16 06:00:00,11.355
2025-06-16,7,Day,22.7,60.3,1169.0,60.1,10028.0,2,2025-06-16 07:00:00,11.69
2025-06-16,8,Day,22.6,66.8,1070.4,72.9,18924.0,2,2025-06-16 08:00:00,10.704
2025-06-16,9,Day,23.6,69.3,1138.1,73.7,13664.0,2,2025-06-16 09:00:00,11.380999999999998
2025-06-16,10,Day,25.6,63.7,1171.6,68.4,14468.0,2,2025-06-16 10:00:00,11.716
2025-06-16,11,Day,24.9,67.4,1078.7,68.6,14177.0,2,2025-06-16 11:00:00,10.787
2025-06-16,12,Day,25.5,69.8,1140.9,73.2,13254.0,2,2025-06-16 12:00:00,11.409
2025-06-16,13,Day,23.2,64.4,1140.8,74.7,19500.0,2,2025-06-16 13:00:00,11.408
2025-06-16,14,Day,23.6,60.6,1156.3,78.6,10483.0,2,2025-06-16 14:00:00,11.562999999999999
2025-06-16,15,Day,24.9,67.5,1167.0,74.7,17218.0,2,2025-06-16 15:00:00,11.67
2025-06-16,16,Day,25.6,60.9,1146.9,77.8,17341.0,2,2025-06-16 16:00:00,11.469000000000001
2025-06-16,17,Day,25.1,68.1,1064.9,74.6,15444.0,2,2025-06-16 17:00:00,10.649000000000001
2025-06-16,18,Night,16.0,69.2,822.1,76.5,36.0,2,2025-06-16 18:00:00,8.221
2025-06-16,19,Night,19.8,72.1,906.9,74.0,313.0,2,2025-06-16 19:00:00,9.068999999999999
2025-06-16,20,Night,17.2,74.4,959.5,71.5,488.0,2,2025-06-16 20:00:00,9.595
2025-06-16,21,Night,18.1,71.5,821.4,79.9,434.0,2,2025-06-16 21:00:00,8.214
2025-06-16,22,Night,19.4,74.4,920.4,74.3,264.0,2,2025-06-16 22:00:00,9.204
2025-06-16,23,Night,16.8,70.9,872.6,62.2,3.0,2,2025-06-16 23:00:00,8.726
2025-06-17,0,Night,17.9,72.3,876.6,70.9,450.0,2,2025-06-17 00:00:00,8.766
2025-06-17,1,Night,18.6,74.1,944.7,64.3,193.0,2,2025-06-17 01:00:00,9.447000000000001
2025-06-17,2,Night,18.1,65.6,995.8,67.8,53.0,2,2025-06-17 02:00:00,9.958
2025-06-17,3,Night,16.7,74.0,866.1,64.2,353.0,2,2025-06-17 03:00:00,8.661
2025-06-17,4,Night,18.4,68.7,811.2,62.7,275.0,2,2025-06-17 04:00:00,8.112
2025-06-17,5,Night,19.0,74.6,994.0,64.0,389.0,2,2025-06-17 05:00:00,9.94
2025-06-17,6,Day,25.9,64.9,1157.8,79.4,13334.0,2,2025-06-17 06:00:00,11.578
2025-06-17,7,Day,23.6,62.7,1031.7,68.9,16892.0,2,2025-06-17 07:00:00,10.317
2025-06-17,8,Day,25.6,62.7,1193.9,76.6,17535.0,2,2025-06-17 08:00:00,11.939
2025-06-17,9,Day,23.0,60.3,1128.7,62.3,10879.0,2,2025-06-17 09:00:00,11.287
2025-06-17,10,Day,25.0,67.5,1080.0,68.5,14475.0,2,2025-06-17 10:00:00,10.8
2025-06-17,11,Day,22.8,65.6,1095.3,60.1,11967.0,2,2025-06-17 11:00:00,10.953
2025-06-17,12,Day,22.6,62.0,1170.8,76.2,11905.0,2,2025-06-17 12:00:00,11.708
2025-06-17,13,Day,25.1,68.6,1153.4,72.5,17682.0,2,2025-06-17 13:00:00,11.534
2025-06-17,14,Day,24.1,64.2,1169.1,73.6,17578.0,2,2025-06-17 14:00:00,11.690999999999999
2025-06-17,15,Day,25.2,65.2,1061.4,71.7,15674.0,2,2025-06-17 15:00:00,10.614
2025-06-17,16,Day,24.8,66.1,1198.6,71.3,13810.0,2,2025-06-17 16:00:00,11.985999999999999
2025-06-17,17,Day,22.9,62.9,1067.4,70.9,18117.0,2,2025-06-17 17:00:00,10.674000000000001
2025-06-17,18,Night,18.5,72.7,984.9,61.1,210.0,2,2025-06-17 18:00:00,9.849
2025-06-17,19,Night,17.1,70.7,873.6,60.9,427.0,2,2025-06-17 19:00:00,8.736
2025-06-17,20,Night,16.8,74.8,808.0,66.6,94.0,2,2025-06-17 20:00:00,8.08
2025-06-17,21,Night,16.6,66.3,900.5,67.8,278.0,2,2025-06-17 21:00:00,9.005
2025-06-17,22,Night,16.3,73.0,829.3,74.9,184.0,2,2025-06-17 22:00:00,8.293
2025-06-17,23,Night,17.5,69.1,826.8,65.7,159.0,2,2025-06-17 23:00:00,8.267999999999999
2025-06-18,0,Night,16.8,69.1,878.2,61.9,136.0,2,2025-06-18 00:00:00,8.782
2025-06-18,1,Night,17.5,71.6,937.6,60.8,327.0,2,2025-06-18 01:00:00,9.376
2025-06-18,2,Night,17.7,71.8,828.4,79.0,450.0,2,2025-06-18 02:00:00,8.283999999999999
2025-06-18,3,Night,17.9,72.2,987.4,76.5,138.0,2,2025-06-18 03:00:00,9.874
2025-06-18,4,Night,16.3,68.0,927.3,70.4,133.0,2,2025-06-18 04:00:00,9.273
2025-06-18,5,Night,19.7,69.3,888.4,67.1,423.0,2,2025-06-18 05:00:00,8.884
2025-06-18,6,Day,25.1,64.7,1071.1,78.6,10020.0,2,2025-06-18 06:00:00,10.710999999999999
2025-06-18,7,Day,24.1,68.3,1061.7,79.1,18605.0,2,2025-06-18 07:00:00,10.617
2025-06-18,8,Day,24.1,68.4,1067.5,69.1,16944.0,2,2025-06-18 08:00:00,10.675
2025-06-18,9,Day,24.4,60.1,1087.7,74.5,14217.0,2,2025-06-18 09:00:00,10.877
2025-06-18,10,Day,22.3,68.9,1007.3,65.7,19194.0,2,2025-06-18 10:00:00,10.073
2025-06-18,11,Day,23.9,63.0,1037.8,72.8,18891.0,2,2025-06-18 11:00:00,10.378
2025-06-18,12,Day,24.4,65.6,1131.2,64.4,18011.0,2,2025-06-18 12:00:00,11.312000000000001
2025-06-18,13,Day,24.0,69.2,1137.0,77.9,19228.0,2,2025-06-18 13:00:00,11.37
2025-06-18,14,Day,23.1,66.3,1167.0,76.2,16776.0,2,2025-06-18 14:00:00,11.67
2025-06-18,15,Day,23.2,68.0,1118.4,62.2,14472.0,2,2025-06-18 15:00:00,11.184000000000001
2025-06-18,16,Day,22.8,63.8,1017.4,66.5,14383.0,2,2025-06-18 16:00:00,10.174
2025-06-18,17,Day,23.7,63.8,1111.4,73.0,12102.0,2,2025-06-18 17:00:00,11.114
2025-06-18,18,Night,19.6,69.1,856.9,67.9,77.0,2,2025-06-18 18:00:00,8.568999999999999
2025-06-18,19,Night,16.9,70.3,964.0,62.1,169.0,2,2025-06-18 19:00:00,9.64
2025-06-18,20,Night,16.8,69.8,873.5,72.4,238.0,2,2025-06-18 20:00:00,8.735
2025-06-18,21,Night,16.8,69.0,890.6,64.3,301.0,2,2025-06-18 21:00:00,8.906
2025-06-18,22,Night,16.2,67.4,803.7,60.8,417.0,2,2025-06-18 22:00:00,8.037
2025-06-18,23,Night,19.3,65.5,843.7,61.3,383.0,2,2025-06-18 23:00:00,8.437000000000001
2025-06-19,0,Night,19.5,69.0,891.0,61.8,462.0,2,2025-06-19 00:00:00,8.91
2025-06-19,1,Night,19.3,68.5,942.5,64.8,158.0,2,2025-06-19 01:00:00,9.425
2025-06-19,2,Night,19.9,69.5,949.5,64.4,106.0,2,2025-06-19 02:00:00,9.495
2025-06-19,3,Night,18.9,74.7,821.7,68.2,224.0,2,2025-06-19 03:00:00,8.217
2025-06-19,4,Night,19.2,67.5,926.9,71.0,26.0,2,2025-06-19 04:00:00,9.269
2025-06-19,5,Night,16.2,67.7,812.0,74.6,445.0,2,2025-06-19 05:00:00,8.12
2025-06-19,6,Day,22.6,67.5,1073.0,64.5,18659.0,2,2025-06-19 06:00:00,10.73
2025-06-19,7,Day,24.9,65.1,1079.1,67.0,12579.0,2,2025-06-19 07:00:00,10.790999999999999
2025-06-19,8,Day,25.8,61.8,1012.5,72.7,12542.0,2,2025-06-19 08:00:00,10.125
2025-06-19,9,Day,22.7,66.4,1126.6,64.6,13821.0,2,2025-06-19 09:00:00,11.265999999999998
2025-06-19,10,Day,24.5,62.8,1026.5,74.4,16409.0,2,2025-06-19 10:00:00,10.265
2025-06-19,11,Day,24.5,62.7,1021.3,68.2,13012.0,2,2025-06-19 11:00:00,10.213
2025-06-19,12,Day,25.9,65.2,1167.6,68.6,11752.0,2,2025-06-19 12:00:00,11.675999999999998
2025-06-19,13,Day,23.5,66.1,1005.0,64.9,13923.0,2,2025-06-19 13:00:00,10.05
2025-06-19,14,Day,23.6,66.5,1116.8,70.2,17894.0,2,2025-06-19 14:00:00,11.168
2025-06-19,15,Day,22.6,68.5,1187.8,69.3,11718.0,2,2025-06-19 15:00:00,11.878
2025-06-19,16,Day,25.8,64.4,1009.5,72.3,14641.0,2,2025-06-19 16:00:00,10.095
2025-06-19,17,Day,25.4,65.7,1084.2,79.4,18750.0,2,2025-06-19 17:00:00,10.842
2025-06-19,18,Night,16.3,74.9,996.7,65.5,111.0,2,2025-06-19 18:00:00,9.967
2025-06-19,19,Night,17.0,66.9,948.1,75.7,79.0,2,2025-06-19 19:00:00,9.481
2025-06-19,20,Night,16.0,65.3,915.3,62.9,200.0,2,2025-06-19 20:00:00,9.152999999999999
2025-06-19,21,Night,16.1,69.6,805.1,79.8,257.0,2,2025-06-19 21:00:00,8.051
2025-06-19,22,Night,18.0,72.4,807.8,69.7,475.0,2,2025-06-19 22:00:00,8.078
2025-06-19,23,Night,17.9,68.0,857.9,74.1,251.0,2,2025-06-19 23:00:00,8.579
2025-06-20,0,Night,19.5,71.7,801.5,73.1,430.0,2,2025-06-20 00:00:00,8.015
2025-06-20,1,Night,17.7,71.2,904.1,74.0,312.0,2,2025-06-20 01:00:00,9.041
2025-06-20,2,Night,18.8,72.2,842.2,73.2,173.0,2,2025-06-20 02:00:00,8.422
2025-06-20,3,Night,20.0,72.7,867.9,72.9,211.0,2,2025-06-20 03:00:00,8.679
2025-06-20,4,Night,18.5,70.9,937.0,79.3,52.0,2,2025-06-20 04:00:00,9.37
2025-06-20,5,Night,17.8,71.4,869.2,75.8,76.0,2,2025-06-20 05:00:00,8.692
2025-06-20,6,Day,24.1,62.1,1062.3,68.0,12974.0,2,2025-06-20 06:00:00,10.623
2025-06-20,7,Day,25.8,64.3,1039.0,74.8,10161.0,2,2025-06-20 07:00:00,10.39
2025-06-20,8,Day,24.5,60.2,1064.3,66.7,12666.0,2,2025-06-20 08:00:00,10.642999999999999
2025-06-20,9,Day,23.8,65.1,1036.3,68.8,15570.0,2,2025-06-20 09:00:00,10.363
2025-06-20,10,Day,24.2,61.2,1147.6,68.5,14510.0,2,2025-06-20 10:00:00,11.475999999999999
2025-06-20,11,Day,23.9,64.6,1191.8,74.4,12200.0,2,2025-06-20 11:00:00,11.918
2025-06-20,12,Day,22.3,64.2,1031.0,67.3,19677.0,2,2025-06-20 12:00:00,10.31
2025-06-20,13,Day,25.2,68.8,1106.9,69.5,17268.0,2,2025-06-20 13:00:00,11.069
2025-06-20,14,Day,24.1,64.4,1149.4,68.0,19838.0,2,2025-06-20 14:00:00,11.494000000000002
2025-06-20,15,Day,24.8,65.8,1022.7,74.0,14421.0,2,2025-06-20 15:00:00,10.227
2025-06-20,16,Day,24.7,63.3,1183.6,62.0,18540.0,2,2025-06-20 16:00:00,11.835999999999999
2025-06-20,17,Day,22.6,67.1,1166.7,75.6,13773.0,2,2025-06-20 17:00:00,11.667
2025-06-20,18,Night,19.9,74.2,849.8,74.5,319.0,2,2025-06-20 18:00:00,8.498
2025-06-20,19,Night,19.1,66.6,848.7,79.7,388.0,2,2025-06-20 19:00:00,8.487
2025-06-20,20,Night,16.8,69.3,955.6,60.8,286.0,2,2025-06-20 20:00:00,9.556000000000001
2025-06-20,21,Night,19.7,74.0,867.8,65.1,306.0,2,2025-06-20 21:00:00,8.677999999999999
2025-06-20,22,Night,16.5,67.8,906.8,62.6,274.0,2,2025-06-20 22:00:00,9.068
2025-06-20,23,Night,19.3,73.7,848.0,73.1,293.0,2,2025-06-20 23:00:00,8.48
2025-06-21,0,Night,19.8,74.9,871.7,66.2,475.0,2,2025-06-21 00:00:00,8.717
2025-06-21,1,Night,18.1,70.8,837.3,74.6,325.0,2,2025-06-21 01:00:00,8.373
2025-06-21,2,Night,18.1,74.8,888.1,75.5,432.0,2,2025-06-21 02:00:00,8.881
2025-06-21,3,Night,18.9,71.7,972.4,67.7,262.0,2,2025-06-21 03:00:00,9.724
2025-06-21,4,Night,18.1,66.6,882.9,67.7,9.0,2,2025-06-21 04:00:00,8.829
2025-06-21,5,Night,16.3,72.2,932.3,70.6,154.0,2,2025-06-21 05:00:00,9.323
2025-06-21,6,Day,24.0,68.3,1072.9,67.4,11105.0,2,2025-06-21 06:00:00,10.729000000000001
2025-06-21,7,Day,24.5,61.5,1166.8,67.7,12672.0,2,2025-06-21 07:00:00,11.668
2025-06-21,8,Day,22.2,64.5,1054.8,77.3,14813.0,2,2025-06-21 08:00:00,10.548
2025-06-21,9,Day,25.4,65.1,1197.5,67.8,14209.0,2,2025-06-21 09:00:00,11.975
2025-06-21,10,Day,25.9,68.1,1072.8,74.0,12142.0,2,2025-06-21 10:00:00,10.728
2025-06-21,11,Day,23.6,63.6,1075.9,66.4,10570.0,2,2025-06-21 11:00:00,10.759
2025-06-21,12,Day,23.1,61.9,1179.4,78.7,17548.0,2,2025-06-21 12:00:00,11.794
2025-06-21,13,Day,25.2,65.6,1149.3,64.7,19363.0,2,2025-06-21 13:00:00,11.493
2025-06-21,14,Day,23.8,69.9,1000.0,69.0,13113.0,2,2025-06-21 14:00:00,10.0
2025-06-21,15,Day,25.9,64.7,1152.9,70.1,11157.0,2,2025-06-21 15:00:00,11.529000000000002
2025-06-21,16,Day,25.5,68.3,1178.1,66.6,12073.0,2,2025-06-21 16:00:00,11.780999999999999
2025-06-21,17,Day,22.9,66.4,1148.8,73.7,19977.0,2,2025-06-21 17:00:00,11.488
2025-06-21,18,Night,17.3,68.7,966.1,60.7,115.0,2,2025-06-21 18:00:00,9.661
2025-06-21,19,Night,18.8,68.1,936.6,73.2,119.0,2,2025-06-21 19:00:00,9.366
2025-06-21,20,Night,18.5,70.2,866.4,63.1,55.0,2,2025-06-21 20:00:00,8.664
2025-06-21,21,Night,18.7,73.2,897.2,68.4,6.0,2,2025-06-21 21:00:00,8.972000000000001
2025-06-21,22,Night,17.0,66.9,828.9,62.7,196.0,2,2025-06-21 22:00:00,8.289
2025-06-21,23,Night,16.4,71.6,930.2,73.5,477.0,2,2025-06-21 23:00:00,9.302
2025-06-22,0,Night,17.5,74.2,848.5,69.5,284.0,2,2025-06-22 00:00:00,8.485
2025-06-22,1,Night,17.7,69.4,888.4,63.3,492.0,2,2025-06-22 01:00:00,8.884
2025-06-22,2,Night,16.6,66.2,877.8,79.8,454.0,2,2025-06-22 02:00:00,8.777999999999999
2025-06-22,3,Night,17.7,69.6,804.7,66.6,81.0,2,2025-06-22 03:00:00,8.047
2025-06-22,4,Night,17.5,70.5,876.5,62.4,56.0,2,2025-06-22 04:00:00,8.765
2025-06-22,5,Night,17.4,72.1,863.3,74.5,258.0,2,2025-06-22 05:00:00,8.633
2025-06-22,6,Day,22.9,62.0,1009.8,61.5,19301.0,2,2025-06-22 06:00:00,10.097999999999999
2025-06-22,7,Day,25.1,66.8,1053.8,73.5,12404.0,2,2025-06-22 07:00:00,10.538
2025-06-22,8,Day,25.3,67.3,1061.6,76.7,13427.0,2,2025-06-22 08:00:00,10.616
2025-06-22,9,Day,24.9,63.9,1125.3,61.9,13556.0,2,2025-06-22 09:00:00,11.253
2025-06-22,10,Day,25.7,64.3,1188.0,74.3,12049.0,2,2025-06-22 10:00:00,11.88
2025-06-22,11,Day,23.4,62.6,1034.0,64.8,11163.0,2,2025-06-22 11:00:00,10.34
2025-06-22,12,Day,23.6,64.1,1091.7,72.5,18860.0,2,2025-06-22 12:00:00,10.917
2025-06-22,13,Day,24.4,69.1,1145.9,76.9,17326.0,2,2025-06-22 13:00:00,11.459000000000001
2025-06-22,14,Day,24.4,66.5,1161.3,61.1,19951.0,2,2025-06-22 14:00:00,11.613
2025-06-22,15,Day,25.3,66.4,1058.4,63.7,10633.0,2,2025-06-22 15:00:00,10.584000000000001
2025-06-22,16,Day,25.4,69.8,1170.6,61.1,18281.0,2,2025-06-22 16:00:00,11.706
2025-06-22,17,Day,23.8,60.6,1122.1,77.4,19638.0,2,2025-06-22 17:00:00,11.220999999999998
2025-06-22,18,Night,17.6,66.2,885.7,67.4,7.0,2,2025-06-22 18:00:00,8.857000000000001
2025-06-22,19,Night,16.4,72.0,930.2,79.6,40.0,2,2025-06-22 19:00:00,9.302
2025-06-22,20,Night,18.8,67.9,896.8,78.6,103.0,2,2025-06-22 20:00:00,8.968
2025-06-22,21,Night,17.6,71.2,806.8,61.5,329.0,2,2025-06-22 21:00:00,8.068
2025-06-22,22,Night,17.9,72.9,946.9,73.0,226.0,2,2025-06-22 22:00:00,9.469
2025-06-22,23,Night,17.5,70.9,893.1,62.9,420.0,2,2025-06-22 23:00:00,8.931000000000001
2025-06-23,0,Night,17.5,70.5,844.9,65.1,428.0,2,2025-06-23 00:00:00,8.449
2025-06-23,1,Night,18.9,65.0,970.5,74.3,241.0,2,2025-06-23 01:00:00,9.705
2025-06-23,2,Night,17.3,67.9,941.3,65.3,176.0,2,2025-06-23 02:00:00,9.413
2025-06-23,3,Night,17.3,71.9,816.5,62.4,226.0,2,2025-06-23 03:00:00,8.165
2025-06-23,4,Night,18.7,65.1,949.0,72.0,479.0,2,2025-06-23 04:00:00,9.49
2025-06-23,5,Night,17.1,73.8,964.4,63.0,459.0,2,2025-06-23 05:00:00,9.644
2025-06-23,6,Day,22.4,66.5,1007.8,76.7,18576.0,2,2025-06-23 06:00:00,10.078
2025-06-23,7,Day,22.3,63.7,1103.5,62.5,10895.0,2,2025-06-23 07:00:00,11.035
2025-06-23,8,Day,25.9,69.5,1154.4,78.9,19736.0,2,2025-06-23 08:00:00,11.544
2025-06-23,9,Day,25.2,65.1,1150.7,65.3,13339.0,2,2025-06-23 09:00:00,11.507
2025-06-23,10,Day,23.4,66.9,1146.7,64.7,17545.0,2,2025-06-23 10:00:00,11.467
2025-06-23,11,Day,23.0,66.9,1102.8,70.0,10894.0,2,2025-06-23 11:00:00,11.027999999999999
2025-06-23,12,Day,25.7,61.1,1194.1,78.6,17843.0,2,2025-06-23 12:00:00,11.940999999999999
2025-06-23,13,Day,24.5,68.7,1178.2,77.7,12887.0,2,2025-06-23 13:00:00,11.782
2025-06-23,14,Day,25.9,63.2,1163.7,64.5,11637.0,2,2025-06-23 14:00:00,11.637
2025-06-23,15,Day,23.3,69.1,1094.4,73.8,16827.0,2,2025-06-23 15:00:00,10.944
2025-06-23,16,Day,22.2,63.8,1068.4,71.1,15896.0,2,2025-06-23 16:00:00,10.684000000000001
2025-06-23,17,Day,24.8,63.2,1014.6,77.5,17768.0,2,2025-06-23 17:00:00,10.146
2025-06-23,18,Night,18.1,72.8,876.2,65.0,44.0,2,2025-06-23 18:00:00,8.762
2025-06-23,19,Night,16.2,66.9,916.7,69.2,189.0,2,2025-06-23 19:00:00,9.167
2025-06-23,20,Night,19.4,70.0,818.0,67.0,255.0,2,2025-06-23 20:00:00,8.18
2025-06-23,21,Night,19.5,74.9,944.2,67.5,47.0,2,2025-06-23 21:00:00,9.442
2025-06-23,22,Night,16.3,67.8,818.8,65.4,225.0,2,2025-06-23 22:00:00,8.187999999999999
2025-06-23,23,Night,19.2,66.7,805.0,77.9,460.0,2,2025-06-23 23:00:00,8.05
2025-06-24,0,Night,16.2,72.6,983.6,75.4,441.0,2,2025-06-24 00:00:00,9.836
2025-06-24,1,Night,17.7,71.8,871.5,60.6,150.0,2,2025-06-24 01:00:00,8.715
2025-06-24,2,Night,18.0,73.0,954.2,74.8,205.0,2,2025-06-24 02:00:00,9.542
2025-06-24,3,Night,17.1,67.0,814.9,78.4,217.0,2,2025-06-24 03:00:00,8.149
2025-06-24,4,Night,19.4,69.0,858.5,64.9,174.0,2,2025-06-24 04:00:00,8.585
2025-06-24,5,Night,17.2,65.5,915.8,70.8,32.0,2,2025-06-24 05:00:00,9.158
2025-06-24,6,Day,22.0,66.2,1143.3,68.0,14440.0,2,2025-06-24 06:00:00,11.433
2025-06-24,7,Day,23.6,60.2,1038.6,67.2,10423.0,2,2025-06-24 07:00:00,10.386
2025-06-24,8,Day,22.0,60.0,1132.3,61.6,18612.0,2,2025-06-24 08:00:00,11.323
2025-06-24,9,Day,24.3,61.4,1143.5,74.1,16790.0,2,2025-06-24 09:00:00,11.435
2025-06-24,10,Day,24.3,67.6,1055.1,63.4,19555.0,2,2025-06-24 10:00:00,10.550999999999998
2025-06-24,11,Day,22.1,65.9,1147.0,75.3,10120.0,2,2025-06-24 11:00:00,11.47
2025-06-24,12,Day,25.1,67.0,1137.5,76.7,15501.0,2,2025-06-24 12:00:00,11.375
2025-06-24,13,Day,25.7,62.9,1063.4,70.1,13083.0,2,2025-06-24 13:00:00,10.634
2025-06-24,14,Day,26.0,60.5,1053.0,60.6,13508.0,2,2025-06-24 14:00:00,10.53
2025-06-24,15,Day,23.5,64.4,1055.8,72.6,10174.0,2,2025-06-24 15:00:00,10.558
2025-06-24,16,Day,23.3,66.2,1163.6,70.8,17204.0,2,2025-06-24 16:00:00,11.636
2025-06-24,17,Day,24.0,63.8,1154.7,75.2,13460.0,2,2025-06-24 17:00:00,11.547
2025-06-24,18,Night,16.5,65.3,986.4,62.6,402.0,2,2025-06-24 18:00:00,9.863999999999999
2025-06-24,19,Night,16.3,73.0,915.8,72.8,294.0,2,2025-06-24 19:00:00,9.158
2025-06-24,20,Night,18.7,65.1,833.9,65.6,108.0,2,2025-06-24 20:00:00,8.339
2025-06-24,21,Night,18.7,74.3,893.0,72.7,341.0,2,2025-06-24 21:00:00,8.93
2025-06-24,22,Night,17.1,69.2,932.9,76.1,153.0,2,2025-06-24 22:00:00,9.329
2025-06-24,23,Night,18.6,66.4,878.7,70.6,234.0,2,2025-06-24 23:00:00,8.787
2025-06-25,0,Night,19.1,69.2,884.2,74.1,69.0,2,2025-06-25 00:00:00,8.842
2025-06-25,1,Night,19.9,68.8,996.9,78.4,0.0,2,2025-06-25 01:00:00,9.969
2025-06-25,2,Night,19.6,68.9,994.2,71.3,156.0,2,2025-06-25 02:00:00,9.942
2025-06-25,3,Night,16.7,72.8,932.2,64.4,146.0,2,2025-06-25 03:00:00,9.322000000000001
2025-06-25,4,Night,16.6,70.2,935.2,69.2,85.0,2,2025-06-25 04:00:00,9.352
2025-06-25,5,Night,19.1,65.6,946.9,72.8,242.0,2,2025-06-25 05:00:00,9.469
2025-06-25,6,Day,23.8,61.4,1143.0,77.3,17793.0,2,2025-06-25 06:00:00,11.43
2025-06-25,7,Day,24.9,68.3,1101.7,70.1,12968.0,2,2025-06-25 07:00:00,11.017000000000001
2025-06-25,8,Day,23.6,62.4,1082.1,77.3,17080.0,2,2025-06-25 08:00:00,10.821
2025-06-25,9,Day,22.7,68.9,1174.4,79.7,10141.0,2,2025-06-25 09:00:00,11.744000000000002
2025-06-25,10,Day,22.9,68.6,1117.4,62.2,12943.0,2,2025-06-25 10:00:00,11.174000000000001
2025-06-25,11,Day,22.4,60.2,1043.0,72.6,11978.0,2,2025-06-25 11:00:00,10.43
2025-06-25,12,Day,25.6,65.2,1188.3,68.6,12877.0,2,2025-06-25 12:00:00,11.883
2025-06-25,13,Day,25.3,60.4,1067.5,77.9,18845.0,2,2025-06-25 13:00:00,10.675
2025-06-25,14,Day,22.5,60.5,1109.5,79.4,17323.0,2,2025-06-25 14:00:00,11.095
2025-06-25,15,Day,25.4,68.5,1067.2,69.1,18666.0,2,2025-06-25 15:00:00,10.672
2025-06-25,16,Day,24.9,60.6,1060.2,62.3,11509.0,2,2025-06-25 16:00:00,10.602
2025-06-25,17,Day,22.1,64.1,1150.9,68.9,11542.0,2,2025-06-25 17:00:00,11.509
2025-06-25,18,Night,18.3,74.1,973.1,73.8,91.0,2,2025-06-25 18:00:00,9.731
2025-06-25,19,Night,17.0,73.8,986.1,79.1,121.0,2,2025-06-25 19:00:00,9.861
2025-06-25,20,Night,16.4,73.7,949.6,64.3,160.0,2,2025-06-25 20:00:00,9.496
2025-06-25,21,Night,19.2,65.9,976.8,63.2,433.0,2,2025-06-25 21:00:00,9.767999999999999
2025-06-25,22,Night,18.6,69.7,850.3,78.1,449.0,2,2025-06-25 22:00:00,8.503
2025-06-25,23,Night,19.5,65.3,978.7,78.9,12.0,2,2025-06-25 23:00:00,9.787
2025-06-26,0,Night,19.4,70.3,815.2,73.2,205.0,2,2025-06-26 00:00:00,8.152000000000001
2025-06-26,1,Night,18.7,71.5,972.9,73.7,173.0,2,2025-06-26 01:00:00,9.729
2025-06-26,2,Night,16.4,72.9,952.7,65.5,132.0,2,2025-06-26 02:00:00,9.527000000000001
2025-06-26,3,Night,18.2,72.8,800.6,79.7,176.0,2,2025-06-26 03:00:00,8.006
2025-06-26,4,Night,19.5,68.3,993.0,72.1,442.0,2,2025-06-26 04:00:00,9.93
2025-06-26,5,Night,16.3,69.2,898.9,66.4,228.0,2,2025-06-26 05:00:00,8.988999999999999
2025-06-26,6,Day,25.6,61.8,1028.1,68.7,12534.0,2,2025-06-26 06:00:00,10.280999999999999
2025-06-26,7,Day,25.6,62.1,1157.2,62.5,10350.0,2,2025-06-26 07:00:00,11.572000000000001
2025-06-26,8,Day,23.9,61.3,1180.5,67.7,16999.0,2,2025-06-26 08:00:00,11.805
2025-06-26,9,Day,25.3,68.6,1008.2,76.9,18505.0,2,2025-06-26 09:00:00,10.082
2025-06-26,10,Day,22.6,65.3,1078.5,69.0,16179.0,2,2025-06-26 10:00:00,10.785
2025-06-26,11,Day,25.0,63.7,1003.4,63.4,14373.0,2,2025-06-26 11:00:00,10.033999999999999
2025-06-26,12,Day,23.3,69.2,1171.4,76.3,14635.0,2,2025-06-26 12:00:00,11.714
2025-06-26,13,Day,25.7,65.2,1144.5,78.4,15785.0,2,2025-06-26 13:00:00,11.445
2025-06-26,14,Day,24.5,64.5,1038.3,75.1,15620.0,2,2025-06-26 14:00:00,10.383
2025-06-26,15,Day,25.8,65.0,1041.4,61.7,10360.0,2,2025-06-26 15:00:00,10.414000000000001
2025-06-26,16,Day,24.6,62.3,1104.7,66.8,18309.0,2,2025-06-26 16:00:00,11.047
2025-06-26,17,Day,25.0,61.2,1185.3,73.6,11108.0,2,2025-06-26 17:00:00,11.853
2025-06-26,18,Night,17.3,70.2,986.6,65.1,294.0,2,2025-06-26 18:00:00,9.866
2025-06-26,19,Night,17.4,71.2,964.5,77.2,29.0,2,2025-06-26 19:00:00,9.645
2025-06-26,20,Night,18.6,73.8,876.1,62.6,6.0,2,2025-06-26 20:00:00,8.761000000000001
2025-06-26,21,Night,17.9,73.7,815.3,79.8,471.0,2,2025-06-26 21:00:00,8.152999999999999
2025-06-26,22,Night,17.2,70.7,894.5,64.6,238.0,2,2025-06-26 22:00:00,8.945
2025-06-26,23,Night,18.0,69.5,923.1,72.4,274.0,2,2025-06-26 23:00:00,9.231
